Domain,Local Goverment area,Total #,Combined GAM percent,Combined MAM percent,Combined SAM percent,Estimated # of GAM cases,Estimated # of Girls GAM cases,Estimated # of Boys GAM cases,Estimated # of MAM cases,Estimated # of SAM cases,Total #.1,AMN percent,Estimated # of GAM cases.1,Region
Benue South,Ado,64616.0,0.095,0.087,0.008,21190.0,10807.0,10383.0,19226.0,1964.0,25846.0,0.065,1680.0,North-Central
Benue South,Agatu,41729.0,0.095,0.087,0.008,13685.0,6979.0,6706.0,12416.0,1269.0,16692.0,0.065,1085.0,North-Central
Benue South,Apa,34954.0,0.095,0.087,0.008,11463.0,5846.0,5617.0,10400.0,1063.0,13981.0,0.065,909.0,North-Central
Benue Northwest,Buruku,73589.0,0.039,0.039,0.0,9815.0,5006.0,4809.0,9815.0,0.0,29435.0,0.054,1590.0,North-Central
Benue Northwest,Gboko,129656.0,0.039,0.039,0.0,17293.0,8820.0,8474.0,17293.0,0.0,51862.0,0.054,2801.0,North-Central
Benue Northeast,Guma,69210.0,0.058,0.051,0.007,13913.0,7095.0,6818.0,12072.0,1841.0,27684.0,0.086,2381.0,North-Central
Benue South,Gwer East,59113.0,0.095,0.087,0.008,19386.0,9887.0,9499.0,17588.0,1798.0,23645.0,0.065,1537.0,North-Central
Benue South,Gwer West,44121.0,0.095,0.087,0.008,14469.0,7379.0,7090.0,13128.0,1341.0,17649.0,0.065,1147.0,North-Central
Benue Northeast,Katsina-Ala,81173.0,0.058,0.051,0.007,16317.0,8321.0,7996.0,14158.0,2159.0,32469.0,0.086,2792.0,North-Central
Benue Northwest,Konshisha,81518.0,0.039,0.039,0.0,10873.0,5545.0,5328.0,10873.0,0.0,32607.0,0.054,1761.0,North-Central
Benue Northwest,Kwande,89835.0,0.039,0.039,0.0,11982.0,6111.0,5871.0,1982.0,0.0,35934.0,0.054,1940.0,North-Central
Benue Northeast,Logo,61069.0,0.058,0.051,0.007,12276.0,6261.0,6015.0,10652.0,1624.0,24428.0,0.086,2101.0,North-Central
Benue South,Markurdi,107427.0,0.095,0.087,0.008,35230.0,17967.0,17262.0,31964.0,3266.0,42971.0,0.065,2793.0,North-Central
Benue South,Obi,35709.0,0.095,0.087,0.008,11710.0,5972.0,5738.0,10624.0,1086.0,14283.0,0.065,928.0,North-Central
Benue South,Ogbadibo,46492.0,0.095,0.087,0.008,15247.0,7776.0,7471.0,13834.0,1413.0,18597.0,0.065,1209.0,North-Central
Benue South,Ohimini,25821.0,0.095,0.087,0.008,8468.0,4319.0,4149.0,7683.0,785.0,10328.0,0.065,671.0,North-Central
Benue South,oju,61493.0,0.095,0.087,0.008,20166.0,10285.0,9881.0,18297.0,1869.0,24597.0,0.065,1599.0,North-Central
Benue South,Okpokwu,63809.0,0.095,0.087,0.008,20925.0,10672.0,10253.0,18986.0,1939.0,25524.0,0.065,1659.0,North-Central
Benue South,Oturkpo,94520.0,0.095,0.087,0.008,30997.0,15808.0,15188.0,28123.0,2874.0,37808.0,0.065,2458.0,North-Central
Benue Northeast,Tarka,28715.0,0.058,0.051,0.007,5772.0,2944.0,2828.0,5008.0,764.0,11486.0,0.086,988.0,North-Central
Benue Northeast,Ukum,78360.0,0.058,0.051,0.007,15752.0,8034.0,7718.0,13668.0,2084.0,31344.0,0.086,2696.0,North-Central
Benue Northwest,Ushongo,68033.0,0.039,0.039,0.0,9074.0,4628.0,4446.0,9074.0,0.0,27213.0,0.054,1470.0,North-Central
Benue Northwest,Vandeikya,83124.0,0.039,0.039,0.0,11087.0,5654.0,5433.0,11087.0,0.0,33250.0,0.054,1795.0,North-Central
IDP Camp,Daudu 2,1819.0,0.065,0.058,0.007,409.0,209.0,201.0,361.0,48.0,728.0,0.076,55.0,North-Central
IDP Camp,International Market,1059.0,0.105,0.099,0.006,383.0,195.0,187.0,358.0,24.0,424.0,0.067,28.0,North-Central
Jigawa Central,Auyo,46764.0,0.113,0.084,0.029,18588.0,9480.0,9108.0,13434.0,5153.0,18706.0,0.216,4040.0,North-West
West Jigawa,Babura,73724.0,0.075,0.055,0.02,19471.0,9930.0,9541.0,13868.0,5603.0,29490.0,0.157,4630.0,North-West
Jigawa East,Biriniwa,50423.0,0.104,0.074,0.03,18509.0,9440.0,9070.0,12761.0,5748.0,20169.0,0.147,2965.0,North-West
Jigawa South,Birnin Kudu,111019.0,0.108,0.085,0.023,41976.0,21408.0,20568.0,32273.0,9703.0,44408.0,0.215,9548.0,North-West
Jigawa South,Buji,34496.0,0.108,0.085,0.023,13043.0,6652.0,6391.0,10028.0,3015.0,13798.0,0.215,2967.0,North-West
Jigawa South,Dutse,87202.0,0.108,0.085,0.023,32971.0,16815.0,16156.0,25350.0,7621.0,34881.0,0.215,7499.0,North-West
Jigawa North,Gagarawa,28481.0,0.106,0.087,0.019,10531.0,5371.0,5160.0,8475.0,2056.0,11393.0,0.248,2825.0,North-West
Jigawa North,Garki,53932.0,0.106,0.087,0.019,19941.0,10170.0,9771.0,16047.0,3894.0,21573.0,0.248,5350.0,North-West
Jigawa North,Gumel,37964.0,0.106,0.087,0.019,14037.0,7159.0,6878.0,11296.0,2741.0,15186.0,0.248,3766.0,North-West
Jigawa East,Guri,40748.0,0.104,0.074,0.03,14958.0,7628.0,7329.0,10313.0,4645.0,16299.0,0.147,2396.0,North-West
Jigawa South,Gwaram,96568.0,0.108,0.085,0.023,36513.0,18622.0,17891.0,28073.0,8440.0,38627.0,0.215,8305.0,North-West
West Jigawa,Gwiwa,44113.0,0.075,0.055,0.02,11650.0,5942.0,5709.0,8297.0,3353.0,17645.0,0.157,2770.0,North-West
Jigawa East,Hadejia,37421.0,0.104,0.074,0.03,13737.0,7006.0,6731.0,9471.0,4266.0,14968.0,0.147,2200.0,North-West
Jigawa Central,Jahun,81162.0,0.113,0.084,0.029,32260.0,16453.0,15807.0,23316.0,8944.0,32465.0,0.216,7012.0,North-West
Jigawa Central,Kafin Hausa,96028.0,0.113,0.084,0.029,38169.0,19466.0,18703.0,27587.0,10582.0,38411.0,0.216,8297.0,North-West
Jigawa East,Kaugama,45331.0,0.104,0.074,0.03,16640.0,8486.0,8154.0,11472.0,5168.0,18132.0,1.47,2665.0,North-West
West Jigawa,Kazaure,57213.0,0.075,0.055,0.02,15110.0,7706.0,7404.0,10762.0,4348.0,22885.0,0.157,3593.0,North-West
Jigawa East,Kiri Kasama,67851.0,0.104,0.074,0.03,24907.0,12703.0,12204.0,17172.0,7735.0,27141.0,0.147,3990.0,North-West
Jigawa South,kiyawa,61258.0,0.108,0.085,0.023,23162.0,11813.0,11349.0,17808.0,5354.0,24503.0,0.215,5268.0,North-West
Jigawa North,Maigatari,63668.0,0.106,0.087,0.019,23541.0,12006.0,11535.0,18944.0,4597.0,25467.0,0.248,6316.0,North-West
Jigawa East,Malam Maduri,57184.0,0.104,0.074,0.03,20991.0,10705.0,10286.0,14472.0,6519.0,22874.0,0.147,3362.0,North-West
Jigawa Central,Miga,45497.0,0.113,0.084,0.029,18084.0,9223.0,8861.0,13070.0,5014.0,18199.0,0.216,3931.0,North-West
Jigawa Central,Ringim,68029.0,0.113,0.084,0.029,27040.0,13790.0,13250.0,19543.0,7497.0,27212.0,0.216,5878.0,North-West
West Jigawa,Roni,27569.0,0.075,0.055,0.02,7281.0,3713.0,3568.0,5186.0,2095.0,11028.0,0.157,1731.0,North-West
Jigawa North,Sule Tankakar,46356.0,0.106,0.087,0.019,17140.0,8742.0,8398.0,13793.0,3347.0,18542.0,0.248,4599.0,North-West
Jigawa Central,Taura,46678.0,0.113,0.084,0.029,18553.0,9462.0,9091.0,13409.0,5144.0,18671.0,0.216,4033.0,North-West
West Jigawa,Yankwashi,33925.0,0.075,0.055,0.02,8960.0,4569.0,4390.0,6382.0,2578.0,13570.0,0.157,2130.0,North-West
Southern Katsina 2,Bakori,53956.0,0.064,0.031,0.053,16587.0,8459.0,8128.0,5720.0,10867.0,21582.0,0.102,2201.0,North-West
Central Katsina 1,Batagarawa,66673.0,0.117,0.097,0.041,32506.0,16578.0,15928.0,22118.0,10388.0,26669.0,0.213,5681.0,North-West
Central Katsina,Batsari,75488.0,0.117,0.097,0.041,36803.0,18770.0,18034.0,25042.0,11761.0,30195.0,0.213,6432.0,North-West
Northern Katsina,Baure,71314.0,0.143,0.1099,0.056,41760.0,21298.0,20463.0,26585.0,15176.0,28526.0,0.371,10583.0,North-West
Northern Katsina 2,Bindawa,55034.0,0.154,0.12,0.054,33879.0,17278.0,16601.0,22586.0,11293.0,22014.0,0.213,4689.0,North-West
Northern Katsina 2,Charanchi,49709.0,0.154,0.12,0.054,30601.0,15606.0,14994.0,20400.0,10200.0,19884.0,0.213,4235.0,North-West
Central Katsina 2,Dan Musa,41068.0,0.095,0.075,0.043,17244.0,8795.0,8450.0,10534.0,6710.0,16427.0,0.218,3581.0,North-West
Southern Katsina 1,Dandume,52644.0,0.084,0.077,0.02,17864.0,9111.0,8753.0,13863.0,4001.0,21058.0,0.159,3348.0,North-West
Southern Katsina 2,Danja,45407.0,0.064,0.031,0.053,13959.0,7119.0,6840.0,4814.0,9145.0,18163.0,0.102,1353.0,North-West
Northern Katsina 1,Daura,79368.0,0.143,0.109,0.056,46476.0,23703.0,22773.0,29587.0,16890.0,31747.0,0.371,11778.0,North-West
Northern Katsina 2,Dutsi,43355.0,0.154,0.12,0.054,26689.0,13612.0,13078.0,17793.0,8896.0,17342.0,0.213,3694.0,North-West
Central Katsina 2,Dutsin Ma,61289.0,0.095,0.075,0.043,25735.0,13125.0,12610.0,15721.0,10015.0,24516.0,0.218,5344.0,North-West
Southern Katsina 1,Faskari,70812.0,0.084,0.077,0.02,24029.0,12255.0,11774.0,18648.0,5382.0,28325.0,0.159,4504.0,North-West
Southern Katsina 1,Funtua,81481.0,0.084,0.077,0.02,27650.0,14101.0,13548.0,21457.0,6193.0,32592.0,0.159,5182.0,North-West
Southern Katsina 3,Ingawa,61319.0,0.072,0.056,0.029,18501.0,9436.0,9066.0,11744.0,6757.0,24527.0,0.22,5396.0,North-West
Central Katsina 1,Jibia,61317.0,0.117,0.097,0.041,29894.0,15246.0,14648.0,20341.0,9553.0,24527.0,0.213,5224.0,North-West
Southern Katsina 2,Kafur,73286.0,0.064,0.031,0.053,22530.0,11490.0,11040.0,7770.0,14760.0,29314.0,0.102,2990.0,North-West
Central Katsina 1,Kaita,66610.0,0.117,0.097,0.041,32475.0,16562.0,15913.0,22097.0,10378.0,26644.0,0.213,5675.0,North-West
Southern Katsina 2,Kankara,88766.0,0.064,0.031,0.053,27289.0,13917.0,13371.0,9411.0,17878.0,35507.0,0.102,3622.0,North-West
Southern Katsina 3,Kankia,54701.0,0.072,0.056,0.029,16505.0,8417.0,8087.0,10476.0,6028.0,21881.0,0.22,4814.0,North-West
Central Katsina 1,Katsina,115034.0,0.117,0.097,0.041,56084.0,28603.0,27481.0,38162.0,17922.0,46014.0,0.213,9801.0,North-West
Central Katsina 2,Kurfi,42473.0,0.095,0.075,0.043,17834.0,9096.0,8739.0,10894.0,6940.0,16989.0,0.218,3704.0,North-West
Southern Katsina 3,Kusada,35857.0,0.072,0.056,0.029,10819.0,5518.0,5301.0,6867.0,3951.0,14343.0,0.22,3155.0,North-West
Northern Katsina 1,Mai'Adwa,72670.0,0.143,0.109,0.056,42554.0,21703.0,20852.0,27090.0,15464.0,29068.0,0.371,10784.0,North-West
Southern Katsina 2,Malumfashi,66075.0,0.064,0.031,0.053,20313.0,10359.0,9953.0,7005.0,13307.0,26430.0,0.102,2696.0,North-West
Northern Katsina 2,Mani,63924.0,0.154,0.12,0.054,39352.0,20069.0,19282.0,26234.0,13117.0,25570.0,0.213,5446.0,North-West
Northern Katsina 2,Mashi,62540.0,0.154,0.12,0.054,38500.0,19635.0,18865.0,25666.0,12833.0,25016.0,0.213,5328.0,North-West
Southern Katsina 3,Matazu,41658.0,0.072,0.056,0.029,12569.0,6410.0,6159.0,7978.0,4591.0,16663.0,0.22,3666.0,North-West
Southern Katsina 3,Musawa,62027.0,0.072,0.056,0.029,18715.0,9545.0,9170.0,11879.0,6835.0,24811.0,0.22,5458.0,North-West
Central Katsina 2,Rimi,55536.0,0.095,0.075,0.043,23319.0,11893.0,11427.0,14245.0,9075.0,22214.0,0.218,4843.0,North-West
Southern Katsina 1,Sabuwa,49144.0,0.084,0.077,0.02,16677.0,8505.0,8172.0,12942.0,3735.0,19658.0,0.159,3126.0,North-West
Central Katsina 2,Safana,66385.0,0.095,0.075,0.043,27875.0,14216.0,13659.0,17028.0,10847.0,26554.0,0.218,5789.0,North-West
Northern Katsina 1,Sandamu,49591.0,0.143,1.09,0.056,29040.0,14810.0,14229.0,18487.0,10553.0,19836.0,0.371,7359.0,North-West
Northern Katsina 1,Zango,55897.0,0.143,0.109,0.056,32732.0,16693.0,16039.0,20837.0,11895.0,22359.0,0.371,8295.0,North-West
Central Kebbi 1,Aleiro,24298.0,0.147,0.128,0.019,12391.0,6319.0,6072.0,10637.0,1754.0,9719.0,0.148,1438.0,North-West
Central Kebbi 1,Arewa Dandi,67778.0,0.147,0.128,0.019,34564.0,17628.0,16936.0,29670.0,4894.0,27111.0,0.148,4012.0,North-West
Central Kebbi 1,Argungu,71997.0,0.147,0.128,0.019,36716.0,18725.0,17991.0,31518.0,5198.0,28799.0,0.148,4262.0,North-West
Central Kebbi 1,Augie,43197.0,0.147,0.128,0.019,22028.0,11234.0,10794.0,18909.0,3119.0,17279.0,0.148,2557.0,North-West
Central Kebbi 2,Bagudo,87588.0,0.161,0.128,0.033,49326.0,25156.0,24170.0,38343.0,10984.0,35035.0,0.085,2978.0,North-West
Central Kebbi 1,Birnin Kebbi,98859.0,0.147,0.128,0.019,50414.0,25711.0,24703.0,43276.0,7138.0,39544.0,0.148,5852.0,North-West
Central Kebbi 2,Bunza,44734.0,0.161,0.128,0.033,25193.0,12848.0,12344.0,19583.0,5610.0,17894.0,0.085,1521.0,North-West
Central Kebbi 2,Dandi,53136.0,0.161,0.128,0.033,29924.0,15261.0,14663.0,23261.0,6663.0,21254.0,0.085,1307.0,North-West
Southern Kebbi,Fakai,44643.0,0.115,0.08,0.035,18152.0,9258.0,8894.0,12215.0,5937.0,17857.0,0.07,1250.0,North-West
Central Kebbi 1,Gwandu,55621.0,0.147,0.128,0.019,28364.0,14466.0,13898.0,24348.0,4016.0,22248.0,0.148,3293.0,North-West
Central Kebbi 2,Jega,71212.0,0.161,0.128,0.033,39292.0,20039.0,19253.0,31174.0,8118.0,28485.0,0.085,2421.0,North-West
Central Kebbi 1,Kalgo,31454.0,0.147,0.128,0.019,16040.0,8181.0,7859.0,13769.0,2271.0,12582.0,0.148,1862.0,North-West
Central Kebbi 2,Koko/Besse,56941.0,0.161,0.128,0.033,32067.0,16354.0,15713.0,24927.0,7140.0,22776.0,0.085,1936.0,North-West
Central Kebbi 2,Maiyama,64705.0,0.161,0.128,0.033,36439.0,18584.0,17855.0,28325.0,8114.0,25882.0,0.085,2200.0,North-West
Southern Kebbi,Ngaski,45951.0,0.115,0.08,0.035,18684.0,9529.0,9155.0,12572.0,6112.0,18381.0,0.07,1287.0,North-West
Southern Kebbi,Sakaba,33124.0,0.115,0.08,0.035,13468.0,6869.0,6599.0,9063.0,4405.0,13250.0,0.07,927.0,North-West
Southern Kebbi,Shanga,46828.0,0.115,0.08,0.035,19040.0,9711.0,9330.0,12812.0,6228.0,18731.0,0.07,1311.0,North-West
Central Kebbi 2,Suru,55330.0,0.161,0.128,0.033,31159.0,15891.0,15268.0,24221.0,6938.0,22132.0,0.085,1881.0,North-West
Southern Kebbi,Wasagu/ Danko,97675.0,0.115,0.08,0.035,39714.0,20254.0,19460.0,26724.0,12991.0,39070.0,0.07,2735.0,North-West
Southern Kebbi,Yauri,36748.0,0.115,0.08,0.035,14942.0,7620.0,7321.0,10054.0,4887.0,14699.0,0.07,1029.0,North-West
Southern Kebbi,Zuru,60971.0,0.115,0.08,0.035,24791.0,12643.0,12148.0,16682.0,8109.0,24388.0,0.07,1707.0,North-West
Central Sokoto 2,Binji,37938.0,0.192,0.148,0.066,28718.0,14646.0,14072.0,19203.0,9515.0,15175.0,0.163,2474.0,North-West
Central Sokoto 1,Bodinga,63361.0,0.158,0.119,0.061,40473.0,20641.0,19832.0,25786.0,14687.0,25344.0,0.134,3396.0,North-West
Central Sokoto 1,Dange Shuni,70274.0,0.158,0.119,0.061,44890.0,22894.0,21996.0,28600.0,16290.0,28110.0,0.134,3767.0,North-West
Eastern Sokoto 2,Gada,89680.0,0.112,0.09,0.043,42257.0,21551.0,20706.0,27603.0,14654.0,35872.0,0.172,6170.0,North-West
Eastern Sokoto 1,Goronyo,65849.0,0.176,0.136,0.06,45642.0,23277.0,22364.0,30628.0,15014.0,26340.0,0.182,4794.0,North-West
Central Sokoto 2,Gudu,34513.0,0.192,0.148,0.066,26125.0,13324.0,12801.0,17469.0,8656.0,13805.0,0.163,2250.0,North-West
Eastern Sokoto 2,Gwadabawa,83572.0,0.112,0.09,0.043,39379.0,20083.0,19296.0,25723.0,13656.0,33429.0,0.172,5750.0,North-West
Eastern Sokoto 2,Illela,54360.0,0.112,0.09,0.043,25614.0,13063.0,12551.0,16732.0,8882.0,21744.0,0.172,3740.0,North-West
Eastern Sokoto 1,Isa,52776.0,0.176,0.136,0.06,36580.0,18656.0,17924.0,24547.0,12033.0,21110.0,0.182,3842.0,North-West
Southern Sokoto,Kebbe,45029.0,0.131,0.114,0.031,22860.0,11659.0,11202.0,17556.0,5304.0,18012.0,0.179,3224.0,North-West
Eastern Sokoto 2,Kware,48367.0,0.112,0.09,0.043,22791.0,11623.0,11167.0,14887.0,7903.0,19347.0,0.172,3328.0,North-West
Eastern Sokoto 1,Rabah,53882.0,0.176,0.136,0.06,37346.0,19047.0,18300.0,25061.0,12285.0,21553.0,0.182,3923.0,North-West
Eastern Sokoto 1,Sabon Birni,74989.0,0.176,0.136,0.06,51977.0,26508.0,25469.0,34879.0,17098.0,29996.0,0.182,5459.0,North-West
Southern Sokoto,Shagari,56500.0,0.131,0.114,0.031,28684.0,14629.0,14055.0,22028.0,6656.0,22600.0,0.179,4045.0,North-West
Central Sokoto 2,Silame,37704.0,0.192,0.148,0.066,28540.0,14555.0,13985.0,19084.0,9456.0,15081.0,0.163,2458.0,North-West
Central Sokoto 1,Sokoto North,84109.0,0.158,0.119,0.061,53727.0,27401.0,26326.0,34231.0,19497.0,33644.0,0.134,4508.0,North-West
Central Sokoto 1,Sokoto South,70407.0,0.158,0.119,0.061,44975.0,22937.0,22038.0,28654.0,16320.0,28163.0,0.134,3774.0,North-West
Southern Sokoto,Tambuwal,81250.0,0.131,0.114,0.031,41249.0,21037.0,20212.0,31678.0,9571.0,32500.0,0.179,5818.0,North-West
Central Sokoto 2,Tangaza,41126.0,0.192,0.148,0.066,31131.0,15877.0,15254.0,20816.0,10314.0,16450.0,0.163,2681.0,North-West
Southern Sokoto,Tu reta,24697.0,0.131,0.114,0.031,12538.0,6394.0,6144.0,9629.0,2909.0,9879.0,0.179,1768.0,North-West
Central Sokoto 1,Wamakko,64882.0,0.158,0.119,0.061,41446.0,21137.0,20308.0,26406.0,15040.0,25953.0,0.134,3478.0,North-West
Eastern Sokoto 2,Wurno,58629.0,0.112,0.09,0.043,27626.0,14089.0,13537.0,18046.0,9580.0,23452.0,0.172,4034.0,North-West
Southern Sokoto,Yabo,41545.0,0.131,0.114,0.031,21091.0,10757.0,10335.0,16197.0,4894.0,16618.0,0.179,2975.0,North-West
Central Zamfara,Bungudu,96851.0,1.23,0.108,0.03,41845.0,21341.0,20504.0,30804.0,11041.0,38740.0,0.1109,4261.0,North-West
Central Zamfara,Gusau,143882.0,0.123,0.108,0.03,62166.0,31704.0,30461.0,45763.0,16403.0,57553.0,0.11,6331.0,North-West
Central Zamfara,Maru,109612.0,0.123,0.108,0.03,47359.0,24153.0,23206.0,34863.0,12496.0,43845.0,0.11,4823.0,North-West
Central Zamfara,Tsafe,99889.0,1.23,0.108,0.03,43158.0,22011.0,21147.0,31771.0,11387.0,39956.0,0.1109,4395.0,North-West
Western Zamfara,Anka,53428.0,1.4,0.104,0.06,31185.0,15904.0,15281.0,19003.0,12182.0,21371.0,0.105,2244.0,North-West
Northern Zamfara,Bakura,70185.0,0.123,0.105,0.036,34805.0,17750.0,17054.0,25203.0,9601.0,28074.0,0.163,4576.0,North-West
Northern Zamfara,Birnin Magaji,67074.0,0.123,0.105,0.036,33262.0,16964.0,16298.0,24086.0,9176.0,26829.0,0.163,4373.0,North-West
Western Zamfara,Bukkuyum,79471.0,1.4,0.104,0.06,46386.0,23657.0,22729.0,28266.0,18119.0,31788.0,0.105,3338.0,North-West
Western Zamfara,Gummi,76807.0,0.14,0.104,0.06,44831.0,22864.0,21967.0,27319.0,17512.0,30723.0,0.105,3226.0,North-West
Northern Zamfara,Kaura Namoda,105657.0,0.123,0.105,0.036,52395.0,26722.0,25674.0,37941.0,14454.0,42263.0,0.163,6889.0,North-West
Western Zamfara,Maradun,79177.0,1.4,0.104,0.06,46214.0,23569.0,22645.0,28162.0,18052.0,31671.0,0.105,3325.0,North-West
Northern Zamfara,Shinkafi,50938.0,0.123,0.105,0.036,25260.0,12883.0,12377.0,18292.0,6968.0,20375.0,0.163,3321.0,North-West
Western Zamfara,Talata Mafara,80802.0,0.14,0.104,0.06,47163.0,24053.0,23110.0,28740.0,18423.0,32321.0,0.105,3394.0,North-West
Northern Zamfara,Zurmi,110339.0,0.123,0.1059,0.036,54717.0,27906.0,26811.0,39623.0,15094.0,44136.0,0.163,7194.0,North-West
Southern Adamawa,Demsa,57003.0,0.106,0.1,0.006,28730.0,151644.0,13086.0,25651.0,3078.0,22801.0,0.112,3534.0,North-East
Southern Adamawa,Fufore,88602.0,0.106,0.1,0.006,44655.0,24315.0,20340.0,39871.0,4784.0,35441.0,0.112,5493.0,North-East
Southern Adamawa,Ganye,62038.0,0.106,0.1,0.006,31267.0,17026.0,14241.0,27917.0,3350.0,24815.0,0.155,3846.0,North-East
Southern Adamawa,Girei,50121.0,0.106,0.1,0.006,25261.0,13755.0,11506.0,22554.0,2707.0,20048.0,0.112,3107.0,North-East
Northern Adamawa,Gombi,58172.0,0.067,0.045,0.022,23298.0,12690.0,10608.0,11780.0,11518.0,23269.0,0.155,2606.0,North-East
Southern Adamawa,Guyuk,50345.0,0.106,0.1,0.006,25374.0,13816.0,11558.0,22655.0,2719.0,20138.0,0.131,3121.0,North-East
Northern Adamawa,Hong,60838.0,0.067,0.045,0.022,24366.0,13274.0,11092.0,12320.0,12046.0,24335.0,0.131,2726.0,North-East
Southern Adamawa,Jada,63071.0,0.106,0.1,0.006,31788.0,17309.0,14479.0,28382.0,3406.0,25228.0,0.163,3910.0,North-East
Southern Adamawa,Lamurde,39597.0,0.106,0.1,0.006,19957.0,10867.0,9090.0,17818.0,2138.0,15839.0,0.163,2455.0,North-East
Northern Adamawa,Madagali,49094.0,0.067,0.045,0.022,19662.0,10710.0,8952.0,9942.0,9721.0,19638.0,0.131,2199.0,North-East
Northern Adamawa,Maiha,37619.0,0.067,0.045,0.022,15066.0,8207.0,6859.0,7618.0,7449.0,15048.0,0.163,1685.0,North-East
Southern Adamawa,Mayo-Belwa,62616.0,0.106,0.1,0.006,31559.0,17184.0,14375.0,28177.0,3381.0,25046.0,0.163,3882.0,North-East
Northern Adamawa,Michika,52482.0,0.067,0.045,0.022,21019.0,11450.0,9569.0,10628.0,10391.0,20993.0,0.15,2351.0,North-East
Northern Adamawa,Mubi North,58453.0,0.067,0.045,0.022,23410.0,12751.0,10659.0,11837.0,11574.0,23381.0,0.186,2619.0,North-East
Northern Adamawa,Mubi South,53206.0,0.067,0.045,0.022,21309.0,11608.0,9701.0,10774.0,10535.0,21282.0,0.186,2384.0,North-East
Southern Adamawa,Numan,33003.0,0.106,0.1,0.006,16634.0,9058.0,7576.0,14851.0,1782.0,13201.0,0.265,2046.0,North-East
Southern Adamawa,Shelleng,49638.0,0.106,0.1,0.006,25017.0,13622.0,11395.0,22337.0,2680.0,19855.0,0.271,3078.0,North-East
Northern Adamawa,Song,76284.0,0.067,0.045,0.022,30552.0,16643.0,13909.0,15448.0,15104.0,30514.0,0.271,3418.0,North-East
Southern Adama wa,Toungo,20395.0,0.106,0.1,0.006,10279.0,5597.0,4682.0,9178.0,1101.0,8158.0,0.271,1264.0,North-East
Southern Adamawa,Yola North,64674.0,0.106,0.1,0.006,32596.0,17748.0,14848.0,29103.0,3492.0,25870.0,0.218,4010.0,North-East
Southern Adamawa,Yola South,114047.0,0.106,0.1,0.006,57479.0,31297.0,26182.0,51321.0,6159.0,45619.0,0.324,7071.0,North-East
Northern Borno,Abadam*,16077.0,0.137,0.113,0.024,11648.0,6344.0,5304.0,8175.0,3473.0,6431.0,0.155,945.0,North-East
Southern Borno,Askira/Uba,49039.0,0.106,0.89,0.017,27143.0,14781.0,12362.0,19640.0,7503.0,19616.0,0.155,2570.0,North-East
East Borno,Bama,46622.0,0.15,0.117,0.033,38394.0,20912.0,17482.0,24547.0,13847.0,18649.0,0.155,2797.0,North-East
Southern Borno,Bayo,46974.0,0.085,0.06,2.596,23252.0,12665.0,10587.0,12683.0,10569.0,18790.0,0.112,2461.0,North-East
Southern Borno,Biu,90185.0,0.085,0.06,0.025,44642.0,24317.0,20325.0,24350.0,20292.0,36074.0,0.155,4726.0,North-East
Southern Borno,Chibok,22147.0,0.085,0.06,2.596,10963.0,5971.0,4992.0,5980.0,4983.0,8859.0,0.155,1161.0,North-East
Central Borno,Damboa,35307.0,0.19,1.44,0.046,37496.0,20423.0,17073.0,22879.0,14617.0,14123.0,0.112,2302.0,North-East
East Borno,Dikwa,27984.0,0.15,0.117,0.033,23045.0,12551.0,10494.0,14734.0,8311.0,11194.0,0.155,1679.0,North-East
Central Borno,Gubio,41292.0,0.19,14.496,0.046,43852.0,23884.0,19968.0,26757.0,17095.0,16517.0,0.155,2692.0,North-East
Northern Borno,Guzamala*,12549.0,0.137,0.113,0.024,9092.0,4952.0,4140.0,6381.0,2711.0,5020.0,0.15,738.0,North-East
East Borno,Gwoza,53425.0,0.15,0.117,0.033,43995.0,23962.0,20033.0,28128.0,15867.0,21370.0,0.131,3206.0,North-East
Southern Borno,Hawul,50796.0,0.085,0.06,0.025,25144.0,13696.0,11448.0,13715.0,1429.0,20318.0,0.131,2662.0,North-East
MMC/Jere,J ere,173243.0,0.181,0.138,0.043,174629.0,95114.0,79515.0,107584.0,67045.0,69297.0,0.163,10395.0,North-East
Central Borno,Kaga,23325.0,0.19,1.44,0.046,24771.0,13492.0,11279.0,15114.0,9656.0,9330.0,14.796,1521.0,North-East
Eastern Borno,Kala/Balge,8190.0,0.15,0.1179,0.033,6744.0,3673.0,3071.0,4312.0,2432.0,3276.0,0.15,491.0,North-East
Central Borno,Konduga,54180.0,0.19,1.44,0.046,57539.0,31340.0,26199.0,35109.0,22430.0,21672.0,0.15,3533.0,North-East
Northern Borno,Kukawa*,17077.0,0.137,0.113,0.024,12373.0,6739.0,5634.0,8684.0,3689.0,6831.0,0.163,1004.0,North-East
Southern Borno,Kwaya Kusar,31618.0,0.085,0.06,0.025,15651.0,8525.0,7126.0,8537.0,7114.0,12647.0,0.15,1657.0,North-East
Central Borno,Mafa,26292.0,0.19,0.144,0.046,27922.0,15207.0,12715.0,17037.0,10885.0,10517.0,0.163,1714.0,North-East
Central Borno,Magumeri,35243.0,0.19,0.144,0.046,37428.0,20386.0,17042.0,22837.0,14591.0,14097.0,0.163,2298.0,North-East
MMC/Jere,Maiduguri,220641.0,0.181,0.138,0.043,222406.0,121136.0,101270.0,137018.0,85388.0,88256.0,0.15,13238.0,North-East
Central Borno,Marte,6027.0,0.19,0.144,0.046,6401.0,3487.0,2914.0,3906.0,2495.0,2411.0,0.203,393.0,North-East
Northern Borno,Mobbar,45789.0,0.186,0.147,0.039,46361.0,25249.0,21112.0,30289.0,16072.0,18315.0,0.147,3718.0,North-East
Central Borno,Monguno,43270.0,0.19,0.144,0.046,45953.0,25029.0,20924.0,28039.0,17914.0,17308.0,0.131,2821.0,North-East
Eastern Borno,Ngala,44624.0,0.15,0.117,0.033,36748.0,20015.0,16733.0,23494.0,13253.0,17850.0,0.218,2677.0,North-East
Northern Borno,Nganzai,17372.0,0.137,0.113,0.024,12586.0,6855.0,5731.0,8834.0,3752.0,6949.0,0.218,1021.0,North-East
Southern Borno,Shani,57006.0,0.085,0.06,0.025,28218.0,15370.0,12848.0,15392.0,12826.0,22802.0,0.186,2987.0,North-East
Central Yobe,Bade,52339.0,0.117,0.095,0.022,32738.0,17830.0,14908.0,22375.0,10363.0,20935.0,0.155,3894.0,North-East
Central Yobe,Bursari,46156.0,0.117,0.095,0.022,28871.0,15725.0,13146.0,19732.0,9139.0,18462.0,0.112,3434.0,North-East
Southern Yobe,Damaturu,84231.0,0.238,0.167,0.071,117123.0,63797.0,53326.0,63300.0,53824.0,33692.0,0.155,9939.0,North-East
Southern Yobe,Fika,74742.0,0.134,0.102,0.032,55832.0,30410.0,25422.0,34306.0,21526.0,29897.0,0.112,6517.0,North-East
Southern Yobe,Fune,117971.0,0.134,0.102,0.032,88125.0,47998.0,40127.0,54149.0,33976.0,47189.0,0.112,10287.0,North-East
Central Yobe,Geidam,58531.0,0.234,0.175,0.059,77173.0,42033.0,35140.0,46093.0,31080.0,23412.0,0.155,4074.0,North-East
Southern Yobe,Gujba,53158.0,0.211,0.143,0.068,66739.0,36353.0,30386.0,34207.0,32532.0,21263.0,0.155,5635.0,North-East
Southern Yobe,Gulani,73888.0,0.207,0.148,0.059,88443.0,48174.0,40269.0,49209.0,39234.0,29555.0,0.147,7330.0,North-East
Central Yobe,Jakusko,65337.0,0.117,0.095,0.022,40868.0,22258.0,18610.0,27932.0,12937.0,26135.0,0.15,4861.0,North-East
Northern Yobe,Karasuwa,35896.0,0.136,0.109,0.027,26329.0,14340.0,11989.0,17607.0,8723.0,14358.0,0.131,3891.0,North-East
Northern Yobe,Machina,25505.0,0.136,0.109,0.027,18708.0,10189.0,8519.0,12510.0,6198.0,10202.0,0.147,2765.0,North-East
Southern Yobe,Nangere,52754.0,0.134,0.102,0.032,39407.0,21463.0,17944.0,24214.0,15193.0,21101.0,0.295,4600.0,North-East
Northern Yobe,Nguru,50790.0,0.136,10.996,0.027,37255.0,20290.0,16965.0,24913.0,12342.0,20316.0,0.174,5506.0,North-East
Southern Yobe,Potiskum,135299.0,0.134,0.102,0.032,101068.0,55048.0,46020.0,62102.0,38966.0,54120.0,0.248,11798.0,North-East
Southern Yobe,Tarmua,29496.0,0.225,0.171,0.054,37032.0,20170.0,16862.0,22697.0,14335.0,11798.0,0.218,3823.0,North-East
Northern Yobe,Yunusari,58486.0,0.136,10.996,0.027,42900.0,23365.0,19535.0,28687.0,14212.0,23394.0,0.271,6340.0,North-East
Northern Yobe,Yusufari,59603.0,0.136,0.109,0.027,43719.0,23811.0,19908.0,29235.0,14484.0,23841.0,0.271,6461.0,North-East
